,full_name,business_name,email,phone_number,building_project_name,project_description,message,department_in_charge_of_elevators
1,Germane Rush,Aliquam Tincidunt Limited,ligula@adipiscing.co.uk,1-517-276-9390,neque,odio sagittis semper.,"vitae, posuere at, velit. Cras lorem lorem, luctus ut, pellentesque",762896272-00007
2,Salvador Harding,Mollis Phasellus Libero Ltd,mi.enim@estmauris.com,1-618-148-4169,Quisque,dolor sit,Sed nec metus facilisis lorem tristique aliquet. Phasellus fermentum convallis,922032784-00006
3,Preston Woods,A Feugiat Tellus Associates,Cras.dolor@Nullamfeugiat.co.uk,1-402-510-4784,Donec,mauris. Morbi non sapien,"arcu imperdiet ullamcorper. Duis at lacus. Quisque purus sapien, gravida",646212209-00001
4,Justine Brock,Mauris Ut Quam PC,dictum@Nullamsuscipitest.org,1-613-745-4731,metus,tincidunt congue turpis. In,diam. Proin dolor. Nulla semper tellus id nunc interdum feugiat.,570010116-00004
5,Hakeem Wilcox,Ultrices Mauris Foundation,orci.tincidunt@in.edu,1-730-548-9308,In,ante.,"Duis elementum, dui quis accumsan convallis, ante lectus convallis est,",248728065-00009
6,Neville Foley,Aliquam Arcu Aliquam Incorporated,velit.Quisque.varius@Sed.com,1-383-693-5672,varius.,dis parturient,nunc sed libero. Proin sed turpis nec mauris blandit mattis.,075332395-00005
7,Idona Frost,Neque Venenatis Inc.,non.lobortis@euneque.net,1-654-439-4207,purus,mauris erat,"cursus luctus, ipsum leo elementum sem, vitae aliquam eros turpis",871181764-00006
8,Seth Colon,Turpis Non Enim PC,eget.metus.In@liberonec.co.uk,1-429-442-0855,a,"enim, sit amet ornare","cursus a, enim. Suspendisse aliquet, sem ut cursus luctus, ipsum",284071909-00006
9,Jakeem Lowe,Fusce Diam Nunc Ltd,Ut.sagittis@Cum.net,1-497-528-1180,euismod,dictum. Proin,Pellentesque tincidunt tempus risus. Donec egestas. Duis ac arcu. Nunc,580263762-00008
10,Colorado Blackwell,Faucibus Morbi Associates,dictum@eu.edu,1-594-105-1104,tellus,mollis,Praesent luctus. Curabitur egestas nunc sed libero. Proin sed turpis,488188004-00003
11,Gareth Walter,Nullam Ut Nisi Ltd,a@sitamet.com,1-739-721-9406,"vitae,",malesuada fringilla,a felis ullamcorper viverra. Maecenas iaculis aliquet diam. Sed diam,314790114-00008
12,Kylee Nguyen,Blandit At Nisi Corp.,pharetra.nibh@Nullam.co.uk,1-999-134-5988,quis,egestas. Fusce aliquet magna a,"mattis. Integer eu lacus. Quisque imperdiet, erat nonummy ultricies ornare,",807406228-00005
13,Yuri Mueller,Sed Industries,auctor.vitae.aliquet@tinciduntpede.edu,1-578-759-7169,egestas,"mi, ac","risus odio, auctor vitae, aliquet nec, imperdiet nec, leo. Morbi",736570607-00001
14,Erasmus Palmer,Tortor Nunc PC,luctus@ipsumsodales.com,1-980-735-0031,Integer,ridiculus mus. Proin,velit. Pellentesque ultricies dignissim lacus. Aliquam rutrum lorem ac risus.,258732734-00003
15,Ariel Haley,Enim LLP,magna@ultricesa.org,1-619-677-3920,nulla.,Nunc laoreet lectus,Quisque ornare tortor at risus. Nunc ac sem ut dolor,384043022-00001
16,Abbot Prince,Sociis Natoque Penatibus Incorporated,lobortis.nisi.nibh@nonjusto.org,1-540-508-5159,ligula.,Donec nibh. Quisque nonummy ipsum,"egestas, urna justo faucibus lectus, a sollicitudin orci sem eget",283758159-00000
17,Owen Frederick,Massa Non Ante Corporation,vel.sapien.imperdiet@utmiDuis.co.uk,1-742-149-4532,eu,a,Vivamus euismod urna. Nullam lobortis quam a felis ullamcorper viverra.,148478241-00000
18,Herman Bentley,Morbi Corp.,at.pretium@at.net,1-133-805-7887,"aliquet,","non, vestibulum nec, euismod",id nunc interdum feugiat. Sed nec metus facilisis lorem tristique,986644235-00004
19,Tyler Sargent,Scelerisque Lorem Ipsum Inc.,vel@sit.ca,1-968-964-3937,interdum,nulla. Integer urna. Vivamus,Nulla dignissim. Maecenas ornare egestas ligula. Nullam feugiat placerat velit.,848004966-00000
20,Ethan Kirkland,Facilisis Eget Ltd,Duis.cursus@pede.ca,1-676-905-5428,Nunc,"Sed diam lorem, auctor quis,","lectus sit amet luctus vulputate, nisi sem semper erat, in",100753516-00002
21,Jenette Wilcox,Ridiculus Mus Associates,Mauris@laoreet.co.uk,1-279-445-0294,ornare,varius,sodales elit erat vitae risus. Duis a mi fringilla mi,812235562-00004
22,Lionel Peck,Commodo Ipsum Industries,ullamcorper@felisullamcorper.org,1-988-854-8038,Phasellus,"accumsan convallis, ante lectus convallis","non, feugiat nec, diam. Duis mi enim, condimentum eget, volutpat",961479268-00008
23,Reece Santana,Dui Associates,ipsum.cursus.vestibulum@rhoncusidmollis.ca,1-245-827-2855,ante,at sem molestie,"vehicula et, rutrum eu, ultrices sit amet, risus. Donec nibh",668732365-00006
24,Ursula Conley,Nunc Industries,non.lacinia.at@non.net,1-330-214-0485,ipsum.,enim.,"lectus ante dictum mi, ac mattis velit justo nec ante.",236464681-00006
25,Jordan Cain,Augue Eu Tempor Institute,sit.amet@nuncInat.edu,1-621-966-6420,fermentum,in molestie,"aliquet nec, imperdiet nec, leo. Morbi neque tellus, imperdiet non,",355468943-00004
26,Mason Marsh,Ac Nulla In Industries,semper.pretium@metusVivamus.org,1-232-290-1425,faucibus.,"adipiscing non, luctus","aliquam, enim nec tempus scelerisque, lorem ipsum sodales purus, in",136857398-00004
27,Craig Spence,Duis Dignissim Tempor Inc.,magnis.dis@diamlorem.org,1-656-236-0561,vitae,"cursus, diam at","ullamcorper viverra. Maecenas iaculis aliquet diam. Sed diam lorem, auctor",642733125-00008
28,Jesse Kim,Cursus Non Ltd,nisl.elementum.purus@sociis.ca,1-698-498-2328,pede.,massa. Suspendisse,"mattis semper, dui lectus rutrum urna, nec luctus felis purus",326554185-00008
29,Briar Bird,Cras Limited,sodales.purus@fringilla.co.uk,1-789-221-2698,natoque,"Nullam suscipit,",eu nulla at sem molestie sodales. Mauris blandit enim consequat,900631573-00004
30,Sydnee Zimmerman,Nam Nulla LLP,Etiam@Quisqueliberolacus.org,1-313-476-5369,vel,lectus,nulla. Donec non justo. Proin non massa non ante bibendum,813657772-00006
31,Anika Mccarthy,Sodales Inc.,et@erat.com,1-491-610-8782,ut,et pede. Nunc sed orci,sed libero. Proin sed turpis nec mauris blandit mattis. Cras,026026419-00007
32,Madeson Mason,Faucibus Orci Associates,luctus.vulputate.nisi@feugiat.com,1-952-168-9301,Morbi,Suspendisse non,"non, bibendum sed, est. Nunc laoreet lectus quis massa. Mauris",549530632-00005
33,Larissa Levy,Aliquet Odio Etiam LLC,In.faucibus.Morbi@Mauris.org,1-884-178-5122,Suspendisse,nisl. Nulla eu,"vulputate, lacus. Cras interdum. Nunc sollicitudin commodo ipsum. Suspendisse non",135492643-00006
34,Ralph York,Est Associates,Praesent@Donecfeugiatmetus.ca,1-456-188-1412,enim,"lobortis quis,",imperdiet ornare. In faucibus. Morbi vehicula. Pellentesque tincidunt tempus risus.,264287004-00008
35,Winter Hawkins,Nam Interdum Consulting,Donec@elementum.edu,1-834-165-8432,mi,"tempus, lorem fringilla","malesuada vel, venenatis vel, faucibus id, libero. Donec consectetuer mauris",466742582-00003
36,Kasper Cook,Rutrum Non Hendrerit Incorporated,et.eros@a.com,1-318-916-7304,"rutrum,",sagittis placerat. Cras,tristique neque venenatis lacus. Etiam bibendum fermentum metus. Aenean sed,968021113-00004
37,Mariam Higgins,Ut Odio Industries,et.magna.Praesent@vitaemaurissit.edu,1-565-279-8307,Integer,quam quis,"eleifend egestas. Sed pharetra, felis eget varius ultrices, mauris ipsum",216524025-00006
38,Uriel Rosales,Nascetur Ridiculus Corporation,semper.egestas@ultricesVivamus.org,1-801-840-6046,"nec,",euismod,"sociis natoque penatibus et magnis dis parturient montes, nascetur ridiculus",470435736-00009
39,Jada Rush,Ut Industries,tincidunt.tempus.risus@Uttinciduntvehicula.net,1-691-958-0538,"ut,","consequat nec, mollis","dolor, nonummy ac, feugiat non, lobortis quis, pede. Suspendisse dui.",374196863-00004
40,Gillian Klein,Vehicula Pellentesque Foundation,mi@duisemper.edu,1-622-651-1479,enim,purus ac tellus. Suspendisse,"et, euismod et, commodo at, libero. Morbi accumsan laoreet ipsum.",761729219-00003
41,Griffith Hardin,Vestibulum Lorem Foundation,senectus@Pellentesque.org,1-935-501-8283,velit.,Aliquam erat volutpat. Nulla dignissim.,Nulla aliquet. Proin velit. Sed malesuada augue ut lacus. Nulla,788218303-00006
42,Dahlia Mcintyre,Ipsum PC,vestibulum@ligulaDonec.net,1-329-910-5354,ut,"ullamcorper, nisl arcu","Maecenas libero est, congue a, aliquet vel, vulputate eu, odio.",266571710-00000
43,Lesley Marsh,Pede Ultrices PC,ridiculus@ametnullaDonec.com,1-585-329-9129,a,"montes, nascetur ridiculus mus.",amet nulla. Donec non justo. Proin non massa non ante,090800681-00000
44,Oliver Freeman,Morbi Tristique Senectus Company,at@dapibus.com,1-281-151-0757,"vel,","pharetra sed, hendrerit a,",pharetra. Quisque ac libero nec ligula consectetuer rhoncus. Nullam velit,992970251-00003
45,Alika Montoya,Eros Turpis Non Industries,mi@Cras.com,1-785-362-7079,Suspendisse,semper cursus. Integer mollis. Integer,"augue porttitor interdum. Sed auctor odio a purus. Duis elementum,",415689157-00006
46,Bianca Bass,Ac Nulla In Incorporated,et@nisia.org,1-964-169-6249,dolor.,Nunc ut erat. Sed nunc,"Nunc mauris sapien, cursus in, hendrerit consectetuer, cursus et, magna.",991680869-00005
47,Kalia Macdonald,In Nec Orci Incorporated,fames.ac@malesuada.net,1-644-152-3356,ut,"quis, pede. Suspendisse","mauris sapien, cursus in, hendrerit consectetuer, cursus et, magna. Praesent",419216106-00007
48,Cole Huffman,Felis Donec Tempor Incorporated,ipsum.dolor.sit@tellusSuspendissesed.ca,1-590-174-0022,massa,"risus odio, auctor","lacus, varius et, euismod et, commodo at, libero. Morbi accumsan",138228622-00005
49,Kylynn Turner,Lacinia PC,Suspendisse@tristique.org,1-596-350-5180,sit,Nunc ut,"id, mollis nec, cursus a, enim. Suspendisse aliquet, sem ut",345688451-00003
50,Teegan Sullivan,Risus Donec Institute,Praesent.eu@felispurus.edu,1-311-351-0241,mollis,morbi tristique senectus et,Pellentesque habitant morbi tristique senectus et netus et malesuada fames,173500695-00007
51,Hayden Glover,Netus Et Malesuada Institute,Mauris@mattis.edu,1-547-704-8755,gravida.,"ante lectus convallis est, vitae",hymenaeos. Mauris ut quam vel sapien imperdiet ornare. In faucibus.,954875860-00007
52,Justine Gallagher,Tellus Aenean Institute,magna.a.neque@arcu.co.uk,1-416-615-9965,ipsum.,nascetur ridiculus mus. Proin vel,diam luctus lobortis. Class aptent taciti sociosqu ad litora torquent,520043829-00008
53,Sybill Combs,Vitae Limited,laoreet.lectus.quis@Aenean.org,1-270-222-4517,metus.,non justo. Proin non massa,"velit egestas lacinia. Sed congue, elit sed consequat auctor, nunc",931532956-00006
54,Deirdre Mckee,Nec Mollis Vitae Foundation,Proin.non@ettristiquepellentesque.com,1-832-106-1561,vitae,Sed id,"pede. Suspendisse dui. Fusce diam nunc, ullamcorper eu, euismod ac,",697359693-00002
55,Finn Curtis,Tellus Industries,ipsum@fermentum.co.uk,1-147-938-1587,enim.,"ultricies ornare, elit elit fermentum",tortor at risus. Nunc ac sem ut dolor dapibus gravida.,665088910-00005
56,Barrett Mays,Ac Foundation,amet@Vivamus.com,1-367-420-3281,ultricies,eu tellus eu augue porttitor,"tempus non, lacinia at, iaculis quis, pede. Praesent eu dui.",631864626-00009
57,Chava Terrell,Nullam Vitae PC,eget@lobortisClass.ca,1-393-561-1928,fermentum,"augue, eu","metus eu erat semper rutrum. Fusce dolor quam, elementum at,",573083052-00007
58,Cody Wiggins,Phasellus LLC,sit.amet.lorem@sapiencursus.com,1-632-155-2730,lectus,orci quis lectus.,Nulla dignissim. Maecenas ornare egestas ligula. Nullam feugiat placerat velit.,487632580-00006
59,Tanya Durham,In Lobortis Corporation,ac.sem.ut@urnaUttincidunt.edu,1-727-487-7733,ante,ac ipsum. Phasellus,"cursus luctus, ipsum leo elementum sem, vitae aliquam eros turpis",419346754-00007
60,Jenna Hampton,Eleifend Non Foundation,at.arcu.Vestibulum@lectusCum.com,1-391-435-8171,porttitor,augue ac ipsum. Phasellus,Ut tincidunt vehicula risus. Nulla eget metus eu erat semper,439750308-00009
61,Hyacinth Ayers,In Tincidunt LLP,elit.elit.fermentum@sem.net,1-350-813-0329,odio,sed,amet orci. Ut sagittis lobortis mauris. Suspendisse aliquet molestie tellus.,545251894-00006
62,Aphrodite Preston,Blandit Congue In Associates,ipsum.leo.elementum@turpisegestasAliquam.co.uk,1-790-244-4634,"orci,",nulla,vel arcu. Curabitur ut odio vel est tempor bibendum. Donec,845389360-00007
63,Lillian Munoz,Sem Corporation,in.dolor.Fusce@indolorFusce.edu,1-366-681-9902,et,interdum. Sed,Sed eu nibh vulputate mauris sagittis placerat. Cras dictum ultricies,996633442-00008
64,Arsenio Glass,Sit Amet Ltd,purus.sapien.gravida@luctus.com,1-226-407-7231,malesuada,consectetuer rhoncus. Nullam velit,"quis, pede. Suspendisse dui. Fusce diam nunc, ullamcorper eu, euismod",850770199-00006
65,May Jensen,Sit Amet Ltd,tempus@elitAliquamauctor.ca,1-772-930-5594,pellentesque,"nec,",Cras pellentesque. Sed dictum. Proin eget odio. Aliquam vulputate ullamcorper,260058276-00007
66,Libby England,Felis Purus Ac LLC,at.libero@Duis.ca,1-129-471-1588,ullamcorper,"est ac mattis semper, dui","mattis semper, dui lectus rutrum urna, nec luctus felis purus",212504252-00009
67,Desirae Rosa,Sit Amet Risus Limited,blandit@tellus.co.uk,1-664-282-9773,"elit,",ut dolor dapibus gravida.,vehicula. Pellentesque tincidunt tempus risus. Donec egestas. Duis ac arcu.,634415012-00000
68,Wyoming Martin,Dolor Dolor Company,sed@nonbibendum.net,1-194-532-8845,Ut,dui,erat. Etiam vestibulum massa rutrum magna. Cras convallis convallis dolor.,707250627-00007
69,Keith Gentry,Non Feugiat Foundation,dignissim.magna.a@tempus.co.uk,1-936-738-8516,tempus,lobortis quam a,nunc id enim. Curabitur massa. Vestibulum accumsan neque et nunc.,546906017-00001
70,Jason Warren,Molestie Sodales Mauris Limited,mi.fringilla.mi@ac.edu,1-184-108-7597,fringilla,nisi. Aenean,sagittis placerat. Cras dictum ultricies ligula. Nullam enim. Sed nulla,457611226-00004
71,Lillian Terry,Convallis Erat Eget Limited,pulvinar.arcu.et@etmagnis.co.uk,1-856-297-3353,ac,vel lectus.,erat volutpat. Nulla facilisis. Suspendisse commodo tincidunt nibh. Phasellus nulla.,244490371-00006
72,Dawn Fox,Odio Corp.,quis.arcu@Nunc.org,1-461-630-9244,ante,"tempus, lorem",Donec egestas. Aliquam nec enim. Nunc ut erat. Sed nunc,268015906-00004
73,Dorian Burks,Feugiat Sed Ltd,velit.eget.laoreet@Quisquepurussapien.org,1-705-974-7004,nisi,vehicula,"augue eu tellus. Phasellus elit pede, malesuada vel, venenatis vel,",732123179-00002
74,Cyrus Valencia,Nulla LLP,tempus.eu.ligula@lobortis.net,1-347-283-9183,eu,Fusce fermentum fermentum,"Nulla facilisis. Suspendisse commodo tincidunt nibh. Phasellus nulla. Integer vulputate,",280072158-00007
75,Carla Ryan,Vestibulum Ut Eros Company,vel.convallis@aliquetnecimperdiet.co.uk,1-915-157-4697,mauris,Morbi vehicula. Pellentesque tincidunt,"eu, odio. Phasellus at augue id ante dictum cursus. Nunc",831109954-00006
76,Ira Nash,Augue Consulting,mauris.rhoncus.id@molestietellusAenean.net,1-380-547-1943,felis,fermentum fermentum,nibh sit amet orci. Ut sagittis lobortis mauris. Suspendisse aliquet,073671042-00007
77,Cullen Lawrence,Tortor Integer Aliquam Industries,egestas@gravidamolestiearcu.net,1-694-348-6657,Vivamus,ultrices. Vivamus rhoncus. Donec,ridiculus mus. Proin vel nisl. Quisque fringilla euismod enim. Etiam,353276611-00004
78,Mechelle Gay,Fringilla Institute,Phasellus.libero.mauris@egestasAliquamfringilla.edu,1-851-843-1406,Donec,"vel, vulputate eu, odio.",Ut semper pretium neque. Morbi quis urna. Nunc quis arcu,209223346-00005
79,Inga Michael,Consequat Corporation,cursus.a.enim@Morbisit.ca,1-311-293-1596,egestas.,"dui. Fusce aliquam, enim nec","Duis cursus, diam at pretium aliquet, metus urna convallis erat,",211097928-00009
80,Dylan Salinas,Odio Sagittis Semper PC,Curabitur.sed@Donecsollicitudin.ca,1-658-209-8114,Maecenas,fermentum,Praesent interdum ligula eu enim. Etiam imperdiet dictum magna. Ut,106384647-00009
81,Tara Osborne,Blandit Incorporated,nec.tempus@mi.org,1-718-284-4885,Aliquam,nec,fringilla cursus purus. Nullam scelerisque neque sed sem egestas blandit.,577084056-00008
82,Byron Moss,Lobortis Risus In Consulting,neque.Nullam.nisl@Quisqueornaretortor.co.uk,1-964-811-1008,molestie,urna. Ut tincidunt vehicula risus.,"aliquam iaculis, lacus pede sagittis augue, eu tempor erat neque",670494004-00005
83,Kareem Barker,Ultrices Incorporated,urna.et.arcu@ipsumPhasellusvitae.com,1-860-237-9840,"lorem,","non, vestibulum nec, euismod",lectus justo eu arcu. Morbi sit amet massa. Quisque porttitor,705888162-00009
84,Dorian Merritt,Lobortis Ultrices Consulting,ligula@lacusUt.ca,1-725-473-3820,eu,Nullam feugiat placerat velit. Quisque,primis in faucibus orci luctus et ultrices posuere cubilia Curae;,603354523-00004
85,Germane Barnes,Sodales LLC,fringilla.cursus.purus@utnisia.com,1-244-555-4315,iaculis,"eget, ipsum. Donec","eu, accumsan sed, facilisis vitae, orci. Phasellus dapibus quam quis",825893340-00000
86,Amos Gibbs,Eu Ltd,nec.ante@nullaIntegerurna.com,1-877-741-8150,gravida,"ullamcorper,",nascetur ridiculus mus. Proin vel arcu eu odio tristique pharetra.,167296557-00009
87,Garth Madden,Fermentum Industries,Cras.dolor@musProinvel.edu,1-661-859-6892,Pellentesque,erat. Sed nunc,et ultrices posuere cubilia Curae; Phasellus ornare. Fusce mollis. Duis,480366129-00009
88,Ann Pope,Eget Odio Aliquam Consulting,Quisque.ornare@sitamet.net,1-965-621-9220,tortor.,vel lectus. Cum sociis,sed pede. Cum sociis natoque penatibus et magnis dis parturient,587955543-00000
89,Burke Grimes,Lacus Pede Sagittis Inc.,non.enim.commodo@libero.com,1-580-450-1690,vulputate,enim.,"eu, placerat eget, venenatis a, magna. Lorem ipsum dolor sit",785325275-00002
90,Macey Summers,Lectus Foundation,Morbi.sit@tincidunt.com,1-753-355-6587,Suspendisse,ligula. Nullam feugiat,"quis lectus. Nullam suscipit, est ac facilisis facilisis, magna tellus",322273392-00009
91,Cody Cote,Turpis Vitae Purus PC,magna@pellentesquea.org,1-390-610-4028,egestas.,"facilisis vitae, orci. Phasellus dapibus","ante. Maecenas mi felis, adipiscing fringilla, porttitor vulputate, posuere vulputate,",373935766-00007
92,Winter Montoya,Nisi Mauris LLC,elit.pellentesque.a@vitae.org,1-418-707-2028,"eu,",vitae odio,"Maecenas iaculis aliquet diam. Sed diam lorem, auctor quis, tristique",735994394-00006
93,Leila Figueroa,Fermentum Ltd,Donec.est@estNunclaoreet.ca,1-199-298-1385,vitae,sem. Pellentesque ut,"auctor ullamcorper, nisl arcu iaculis enim, sit amet ornare lectus",545632796-00003
94,Jade Dennis,Erat Vitae Risus Limited,orci@lobortis.edu,1-464-729-3470,gravida,magna a neque. Nullam ut,"a, auctor non, feugiat nec, diam. Duis mi enim, condimentum",464583186-00000
95,Yardley Gutierrez,Orci Inc.,est.congue@auctorvelit.com,1-465-818-6517,et,egestas lacinia.,varius. Nam porttitor scelerisque neque. Nullam nisl. Maecenas malesuada fringilla,958196628-00001
96,Kim Henry,Lacus Institute,Etiam.imperdiet@enimSuspendissealiquet.ca,1-208-758-0984,Nunc,Sed molestie. Sed,neque non quam. Pellentesque habitant morbi tristique senectus et netus,152202743-00000
97,Ori Daniel,Et Tristique Pellentesque Inc.,iaculis.lacus@arcuVestibulumante.ca,1-284-910-8624,semper,tempus risus. Donec egestas.,"felis, adipiscing fringilla, porttitor vulputate, posuere vulputate, lacus. Cras interdum.",123349151-00001
98,Jocelyn Moore,Rutrum Urna Nec Ltd,Donec.at@utnisi.net,1-490-923-7050,bibendum,lobortis tellus,"eu dolor egestas rhoncus. Proin nisl sem, consequat nec, mollis",908330715-00008
99,Gavin Perkins,Dui Foundation,quis.pede@turpisvitaepurus.org,1-281-485-0248,arcu.,in,in faucibus orci luctus et ultrices posuere cubilia Curae; Phasellus,649965423-00001
100,Luke Davis,Nullam Suscipit Corporation,sodales@nisiAeneaneget.ca,1-576-321-2849,dis,arcu et pede.,"facilisis non, bibendum sed, est. Nunc laoreet lectus quis massa.",844586602-00006
